{
  "eval_source": "splot",
  "pearson_r_all": 0.662322225220872,
  "pearson_r_mean": 0.5824698095308546,
  "per_trait_r": [
    0.5935880600163265,
    0.5804924663329835,
    0.4074523047174762,
    0.6378916556885412,
    0.5368462046379087,
    0.6147905112021703,
    0.6247735244777081,
    0.7112627452077678,
    0.6480448971311839,
    0.6861309715915419,
    0.6954500269797281,
    0.3729441631105715,
    0.5057548906036742,
    0.5956076294598514,
    0.6187643419839853,
    0.5585463234052629,
    0.6187979391965204,
    0.580206405887404,
    0.4725020660031601,
    0.3350504413676782,
    0.74100324290161,
    0.7163496004841118,
    0.6372105389789545,
    0.6557370725553826,
    0.6405239051432031,
    0.6657953652964808,
    0.5227365153592732,
    0.4827352088659114,
    0.5408077612098146,
    0.6169832786196828,
    0.5410031456657316,
    0.6467499330026311,
    0.6438245793882078,
    0.6789766458660859,
    0.5284152699591057,
    0.47977985460900363,
    0.4178534657349855
  ],
  "r2_all": 0.4372805953025818,
  "r2_mean": 0.3290467729439607,
  "per_trait_r2": [
    0.3331093192100525,
    0.31195366382598877,
    0.16023975610733032,
    0.3808983564376831,
    0.2872083783149719,
    0.36929458379745483,
    0.36012089252471924,
    0.4881475567817688,
    0.4055720567703247,
    0.4467626214027405,
    0.4690045714378357,
    0.12845194339752197,
    0.24205684661865234,
    0.29886186122894287,
    0.35147732496261597,
    0.266409695148468,
    0.3726934790611267,
    0.3118952512741089,
    0.1975642442703247,
    0.09900599718093872,
    0.5371164679527283,
    0.4963616132736206,
    0.40447998046875,
    0.4276809096336365,
    0.4074717164039612,
    0.42155808210372925,
    0.20795035362243652,
    0.22308868169784546,
    0.2572512626647949,
    0.3755868673324585,
    0.24740493297576904,
    0.4157832860946655,
    0.41125285625457764,
    0.43706971406936646,
    0.26968854665756226,
    0.21253538131713867,
    0.14172154664993286
  ],
  "rmse_all": 0.521409273147583,
  "rmse_mean": 0.5185453690387107,
  "per_trait_rmse": [
    0.647842526435852,
    0.6096677780151367,
    0.5264480710029602,
    0.504127562046051,
    0.4290884733200073,
    0.5186139345169067,
    0.5071764588356018,
    0.4154564440250397,
    0.3943641483783722,
    0.5313827395439148,
    0.5577011108398438,
    0.5343692302703857,
    0.5832464694976807,
    0.5084640979766846,
    0.46237263083457947,
    0.4666561186313629,
    0.5082618594169617,
    0.5913118124008179,
    0.6097991466522217,
    0.5059410929679871,
    0.5585632920265198,
    0.5617920756340027,
    0.45846083760261536,
    0.4281109869480133,
    0.4504859447479248,
    0.5480676293373108,
    0.5524466633796692,
    0.4985359013080597,
    0.5505928993225098,
    0.599118709564209,
    0.5506329536437988,
    0.48203936219215393,
    0.42865189909935,
    0.4501565098762512,
    0.5331051349639893,
    0.60163414478302,
    0.5214920043945312
  ],
  "n_eval_pixels": 119852,
  "n_valid_pixels": 119852,
  "n_samples": 529,
  "n_traits": 37,
  "trait_ids": [
    "X1080",
    "X13",
    "X138",
    "X14",
    "X144",
    "X145",
    "X146",
    "X15",
    "X163",
    "X169",
    "X21",
    "X223",
    "X224",
    "X237",
    "X26",
    "X27",
    "X281",
    "X282",
    "X289",
    "X297",
    "X3106",
    "X3107",
    "X3112",
    "X3113",
    "X3114",
    "X3117",
    "X3120",
    "X351",
    "X4",
    "X46",
    "X47",
    "X50",
    "X55",
    "X6",
    "X614",
    "X78",
    "X95"
  ],
  "per_trait_summary": [
    {
      "trait_id": "X1080",
      "pearson_r": 0.5935880600163265,
      "r2": 0.3331093192100525,
      "rmse": 0.647842526435852
    },
    {
      "trait_id": "X13",
      "pearson_r": 0.5804924663329835,
      "r2": 0.31195366382598877,
      "rmse": 0.6096677780151367
    },
    {
      "trait_id": "X138",
      "pearson_r": 0.4074523047174762,
      "r2": 0.16023975610733032,
      "rmse": 0.5264480710029602
    },
    {
      "trait_id": "X14",
      "pearson_r": 0.6378916556885412,
      "r2": 0.3808983564376831,
      "rmse": 0.504127562046051
    },
    {
      "trait_id": "X144",
      "pearson_r": 0.5368462046379087,
      "r2": 0.2872083783149719,
      "rmse": 0.4290884733200073
    },
    {
      "trait_id": "X145",
      "pearson_r": 0.6147905112021703,
      "r2": 0.36929458379745483,
      "rmse": 0.5186139345169067
    },
    {
      "trait_id": "X146",
      "pearson_r": 0.6247735244777081,
      "r2": 0.36012089252471924,
      "rmse": 0.5071764588356018
    },
    {
      "trait_id": "X15",
      "pearson_r": 0.7112627452077678,
      "r2": 0.4881475567817688,
      "rmse": 0.4154564440250397
    },
    {
      "trait_id": "X163",
      "pearson_r": 0.6480448971311839,
      "r2": 0.4055720567703247,
      "rmse": 0.3943641483783722
    },
    {
      "trait_id": "X169",
      "pearson_r": 0.6861309715915419,
      "r2": 0.4467626214027405,
      "rmse": 0.5313827395439148
    },
    {
      "trait_id": "X21",
      "pearson_r": 0.6954500269797281,
      "r2": 0.4690045714378357,
      "rmse": 0.5577011108398438
    },
    {
      "trait_id": "X223",
      "pearson_r": 0.3729441631105715,
      "r2": 0.12845194339752197,
      "rmse": 0.5343692302703857
    },
    {
      "trait_id": "X224",
      "pearson_r": 0.5057548906036742,
      "r2": 0.24205684661865234,
      "rmse": 0.5832464694976807
    },
    {
      "trait_id": "X237",
      "pearson_r": 0.5956076294598514,
      "r2": 0.29886186122894287,
      "rmse": 0.5084640979766846
    },
    {
      "trait_id": "X26",
      "pearson_r": 0.6187643419839853,
      "r2": 0.35147732496261597,
      "rmse": 0.46237263083457947
    },
    {
      "trait_id": "X27",
      "pearson_r": 0.5585463234052629,
      "r2": 0.266409695148468,
      "rmse": 0.4666561186313629
    },
    {
      "trait_id": "X281",
      "pearson_r": 0.6187979391965204,
      "r2": 0.3726934790611267,
      "rmse": 0.5082618594169617
    },
    {
      "trait_id": "X282",
      "pearson_r": 0.580206405887404,
      "r2": 0.3118952512741089,
      "rmse": 0.5913118124008179
    },
    {
      "trait_id": "X289",
      "pearson_r": 0.4725020660031601,
      "r2": 0.1975642442703247,
      "rmse": 0.6097991466522217
    },
    {
      "trait_id": "X297",
      "pearson_r": 0.3350504413676782,
      "r2": 0.09900599718093872,
      "rmse": 0.5059410929679871
    },
    {
      "trait_id": "X3106",
      "pearson_r": 0.74100324290161,
      "r2": 0.5371164679527283,
      "rmse": 0.5585632920265198
    },
    {
      "trait_id": "X3107",
      "pearson_r": 0.7163496004841118,
      "r2": 0.4963616132736206,
      "rmse": 0.5617920756340027
    },
    {
      "trait_id": "X3112",
      "pearson_r": 0.6372105389789545,
      "r2": 0.40447998046875,
      "rmse": 0.45846083760261536
    },
    {
      "trait_id": "X3113",
      "pearson_r": 0.6557370725553826,
      "r2": 0.4276809096336365,
      "rmse": 0.4281109869480133
    },
    {
      "trait_id": "X3114",
      "pearson_r": 0.6405239051432031,
      "r2": 0.4074717164039612,
      "rmse": 0.4504859447479248
    },
    {
      "trait_id": "X3117",
      "pearson_r": 0.6657953652964808,
      "r2": 0.42155808210372925,
      "rmse": 0.5480676293373108
    },
    {
      "trait_id": "X3120",
      "pearson_r": 0.5227365153592732,
      "r2": 0.20795035362243652,
      "rmse": 0.5524466633796692
    },
    {
      "trait_id": "X351",
      "pearson_r": 0.4827352088659114,
      "r2": 0.22308868169784546,
      "rmse": 0.4985359013080597
    },
    {
      "trait_id": "X4",
      "pearson_r": 0.5408077612098146,
      "r2": 0.2572512626647949,
      "rmse": 0.5505928993225098
    },
    {
      "trait_id": "X46",
      "pearson_r": 0.6169832786196828,
      "r2": 0.3755868673324585,
      "rmse": 0.599118709564209
    },
    {
      "trait_id": "X47",
      "pearson_r": 0.5410031456657316,
      "r2": 0.24740493297576904,