{
  "eval_source": "splot",
  "pearson_r_all": 0.6860201221651847,
  "pearson_r_mean": 0.592962834028203,
  "per_trait_r": [
    0.6564463823091775,
    0.663774098286981,
    0.6805110196469586,
    0.6435099824881367,
    0.5879880738478408,
    0.5941901907271274,
    0.6457399213031119,
    0.5971959818814545,
    0.6374182515467751,
    0.7542448091385059,
    0.6326372374852895,
    0.26862624437169563,
    0.49286955373118574,
    0.5274798943753888,
    0.5799536974674789,
    0.5147313742655689,
    0.7059623183926238,
    0.4894471365016532,
    0.3745199433890443,
    0.29026830199167986,
    0.7229138519116551,
    0.7134662223136445,
    0.648916234125281,
    0.6666636913274124,
    0.6340077495717307,
    0.7096814384639991,
    0.5595244635327348,
    0.48634685067833827,
    0.5948506543956041,
    0.6357894156820674,
    0.5758965439935679,
    0.7070309150173822,
    0.6172751912737692,
    0.6699612260489888,
    0.4116102320449893,
    0.6101304674332465,
    0.6380452980814209
  ],
  "r2_all": 0.4704224467277527,
  "r2_mean": 0.35236362669918986,
  "per_trait_r2": [
    0.4183717370033264,
    0.43800967931747437,
    0.46077489852905273,
    0.3889343738555908,
    0.3388931155204773,
    0.33718055486679077,
    0.391971230506897,
    0.3229888677597046,
    0.40168625116348267,
    0.5564291477203369,
    0.38392627239227295,
    0.06030672788619995,
    0.23525220155715942,
    0.2629428505897522,
    0.3351423740386963,
    0.26170408725738525,
    0.49204379320144653,
    0.22666341066360474,
    0.12905651330947876,
    0.07907658815383911,
    0.50449538230896,
    0.48231005668640137,
    0.41138583421707153,
    0.438693642616272,
    0.3967456817626953,
    0.47379612922668457,
    0.28725486993789673,
    0.2212977409362793,
    0.3521384596824646,
    0.39150184392929077,
    0.3222138285636902,
    0.48964107036590576,
    0.378995418548584,
    0.44172054529190063,
    0.16642391681671143,
    0.37038224935531616,
    0.3871028423309326
  ],
  "rmse_all": 0.5517483949661255,
  "rmse_mean": 0.5464960344739862,
  "per_trait_rmse": [
    0.6938945651054382,
    0.6388018727302551,
    0.5812569856643677,
    0.5560272336006165,
    0.4457167088985443,
    0.5369540452957153,
    0.5958085060119629,
    0.4613499939441681,
    0.41438716650009155,
    0.5240876078605652,
    0.5850346684455872,
    0.5586345791816711,
    0.7133353352546692,
    0.4795852601528168,
    0.443827360868454,
    0.4291810989379883,
    0.49272048473358154,
    0.5859977006912231,
    0.60698401927948,
    0.5024287700653076,
    0.5970770716667175,
    0.5920524001121521,
    0.47189030051231384,
    0.45211929082870483,
    0.47358599305152893,
    0.6414563655853271,
    0.554199755191803,
    0.5366834998130798,
    0.5508440732955933,
    0.6692131161689758,
    0.5751794576644897,
    0.5206451416015625,
    0.4560592472553253,
    0.4568607211112976,
    0.5430543422698975,
    0.7207110524177551,
    0.5627074837684631
  ],
  "n_eval_pixels": 108640,
  "n_valid_pixels": 108640,
  "n_samples": 780,
  "n_traits": 37,
  "trait_ids": [
    "X1080",
    "X13",
    "X138",
    "X14",
    "X144",
    "X145",
    "X146",
    "X15",
    "X163",
    "X169",
    "X21",
    "X223",
    "X224",
    "X237",
    "X26",
    "X27",
    "X281",
    "X282",
    "X289",
    "X297",
    "X3106",
    "X3107",
    "X3112",
    "X3113",
    "X3114",
    "X3117",
    "X3120",
    "X351",
    "X4",
    "X46",
    "X47",
    "X50",
    "X55",
    "X6",
    "X614",
    "X78",
    "X95"
  ],
  "per_trait_summary": [
    {
      "trait_id": "X1080",
      "pearson_r": 0.6564463823091775,
      "r2": 0.4183717370033264,
      "rmse": 0.6938945651054382
    },
    {
      "trait_id": "X13",
      "pearson_r": 0.663774098286981,
      "r2": 0.43800967931747437,
      "rmse": 0.6388018727302551
    },
    {
      "trait_id": "X138",
      "pearson_r": 0.6805110196469586,
      "r2": 0.46077489852905273,
      "rmse": 0.5812569856643677
    },
    {
      "trait_id": "X14",
      "pearson_r": 0.6435099824881367,
      "r2": 0.3889343738555908,
      "rmse": 0.5560272336006165
    },
    {
      "trait_id": "X144",
      "pearson_r": 0.5879880738478408,
      "r2": 0.3388931155204773,
      "rmse": 0.4457167088985443
    },
    {
      "trait_id": "X145",
      "pearson_r": 0.5941901907271274,
      "r2": 0.33718055486679077,
      "rmse": 0.5369540452957153
    },
    {
      "trait_id": "X146",
      "pearson_r": 0.6457399213031119,
      "r2": 0.391971230506897,
      "rmse": 0.5958085060119629
    },
    {
      "trait_id": "X15",
      "pearson_r": 0.5971959818814545,
      "r2": 0.3229888677597046,
      "rmse": 0.4613499939441681
    },
    {
      "trait_id": "X163",
      "pearson_r": 0.6374182515467751,
      "r2": 0.40168625116348267,
      "rmse": 0.41438716650009155
    },
    {
      "trait_id": "X169",
      "pearson_r": 0.7542448091385059,
      "r2": 0.5564291477203369,
      "rmse": 0.5240876078605652
    },
    {
      "trait_id": "X21",
      "pearson_r": 0.6326372374852895,
      "r2": 0.38392627239227295,
      "rmse": 0.5850346684455872
    },
    {
      "trait_id": "X223",
      "pearson_r": 0.26862624437169563,
      "r2": 0.06030672788619995,
      "rmse": 0.5586345791816711
    },
    {
      "trait_id": "X224",
      "pearson_r": 0.49286955373118574,
      "r2": 0.23525220155715942,
      "rmse": 0.7133353352546692
    },
    {
      "trait_id": "X237",
      "pearson_r": 0.5274798943753888,
      "r2": 0.2629428505897522,
      "rmse": 0.4795852601528168
    },
    {
      "trait_id": "X26",
      "pearson_r": 0.5799536974674789,
      "r2": 0.3351423740386963,
      "rmse": 0.443827360868454
    },
    {
      "trait_id": "X27",
      "pearson_r": 0.5147313742655689,
      "r2": 0.26170408725738525,
      "rmse": 0.4291810989379883
    },
    {
      "trait_id": "X281",
      "pearson_r": 0.7059623183926238,
      "r2": 0.49204379320144653,
      "rmse": 0.49272048473358154
    },
    {
      "trait_id": "X282",
      "pearson_r": 0.4894471365016532,
      "r2": 0.22666341066360474,
      "rmse": 0.5859977006912231
    },
    {
      "trait_id": "X289",
      "pearson_r": 0.3745199433890443,
      "r2": 0.12905651330947876,
      "rmse": 0.60698401927948
    },
    {
      "trait_id": "X297",
      "pearson_r": 0.29026830199167986,
      "r2": 0.07907658815383911,
      "rmse": 0.5024287700653076
    },
    {
      "trait_id": "X3106",
      "pearson_r": 0.7229138519116551,
      "r2": 0.50449538230896,
      "rmse": 0.5970770716667175
    },
    {
      "trait_id": "X3107",
      "pearson_r": 0.7134662223136445,
      "r2": 0.48231005668640137,
      "rmse": 0.5920524001121521
    },
    {
      "trait_id": "X3112",
      "pearson_r": 0.648916234125281,
      "r2": 0.41138583421707153,
      "rmse": 0.47189030051231384
    },
    {
      "trait_id": "X3113",
      "pearson_r": 0.6666636913274124,
      "r2": 0.438693642616272,
      "rmse": 0.45211929082870483
    },
    {
      "trait_id": "X3114",
      "pearson_r": 0.6340077495717307,
      "r2": 0.3967456817626953,
      "rmse": 0.47358599305152893
    },
    {
      "trait_id": "X3117",
      "pearson_r": 0.7096814384639991,
      "r2": 0.47379612922668457,
      "rmse": 0.6414563655853271
    },
    {
      "trait_id": "X3120",
      "pearson_r": 0.5595244635327348,
      "r2": 0.28725486993789673,
      "rmse": 0.554199755191803
    },
    {
      "trait_id": "X351",
      "pearson_r": 0.48634685067833827,
      "r2": 0.2212977409362793,
      "rmse": 0.5366834998130798
    },
    {
      "trait_id": "X4",
      "pearson_r": 0.5948506543956041,
      "r2": 0.3521384596824646,
      "rmse": 0.5508440732955933
    },
    {
      "trait_id": "X46",
      "pearson_r": 0.6357894156820674,
      "r2": 0.39150184392929077,
      "rmse": 0.6692131161689758
    },
    {
      "trait_id": "X47",
      "pearson_r": 0.5758965439935679,
      "r2": 0.3222138285636902,