{
  "train_losses": [
    0.4205893585176179,
    0.32226319060181124,
    0.30460128007513104,
    0.29835266534126165,
    0.28984304558147084,
    0.2834070230072195,
    0.27848659166783996,
    0.2741848256551858,
    0.2698156638578935,
    0.2710446919455673,
    0.26633987173889623,
    0.2627852418205955,
    0.25847248922694815,
    0.25470381659088714,
    0.25452280405795935,
    0.25388013928225545,
    0.2544782292662245,
    0.2495602351246458,
    0.25085423254605493,
    0.24701229252598503,
    0.24743350238511055,
    0.24300904165614734,
    0.2500047133727507,
    0.23910943206512567,
    0.24041548877051383,
    0.237434188524882,
    0.23665179357384192,
    0.23508204890019965,
    0.2367998441060384,
    0.2346386722543023,
    0.23490838516842236,
    0.23374267626892437,
    0.23011189112157532,
    0.22898233930269876,
    0.2264727676456625,
    0.22738149590564496,
    0.2265889124436812,
    0.22354803103389162,
    0.22452746331691742,
    0.22276824098644835,
    0.22077452702955766,
    0.22210439109441005,
    0.22023973582368908,
    0.21827731069290277,
    0.2170534296469255,
    0.21652189231280125,
    0.21630471001068752,
    0.21376220484574635,
    0.21240030522599365
  ],
  "val_losses": [
    0.3566807223402936,
    0.32791743897225545,
    0.32396588944222615,
    0.3279363697637682,
    0.31315794295590854,
    0.3024776411121306,
    0.3031504881446776,
    0.29776053762306337,
    0.29730101658598235,
    0.2939119387580001,
    0.2942086268702279,
    0.29512939569742785,
    0.29314097179018933,
    0.28891363448422885,
    0.29128152180625044,
    0.2879609096309413,
    0.2885006752027118,
    0.28399532223525253,
    0.28563107436765794,
    0.28275661543011665,
    0.28544167234845785,
    0.2849245924988519,
    0.28446690236096794,
    0.2892003757474215,
    0.2796565969677075,
    0.2866599656965422,
    0.28445113596061,
    0.28437512270782306,
    0.28404733992141223,
    0.2856927384500918,
    0.28571599300788797,
    0.2892892271604227,
    0.28187129290207574,
    0.2818251235977463,
    0.2805595457877802,
    0.2847943887438463,
    0.2869002247310203,
    0.28309765944014426,
    0.2861148983888004,
    0.28400488035834354,
    0.28272242503969564,
    0.2862886566182841,
    0.2877621960056865,
    0.2911797204743261,
    0.2841353740381158,
    0.28737279222063394,
    0.2851568588420101,
    0.2855159241868102,
    0.28575892390116403
  ],
  "best_val_loss": 0.2818251235977463,
  "best_mean_r": 0.5933247625755594,
  "max_val_mean_r": 0.5933247625755594,
  "max_val_mean_r_epoch": 34,
  "best_selection_metric": 0.5933247625755594,
  "best_by": "mean_r",
  "initial_lr": 0.0001,
  "min_lr": 1e-06,
  "epochs_trained": 49
}
