{
  "train_losses": [
    0.4197998502675225,
    0.3238623849848375,
    0.30664520268452994,
    0.294994334007967,
    0.28450786071346407,
    0.27877910833626507,
    0.2762016813385295,
    0.2722272889658729,
    0.26597729986682933,
    0.2613117115542213,
    0.26153582816614823,
    0.25586521370525667,
    0.25512281259432196,
    0.253001323278575,
    0.25265435535799374,
    0.24781440325918044,
    0.24754787192625158,
    0.2431105390430134,
    0.2434967389718734,
    0.24145945715394249,
    0.24001501309361686,
    0.23677555368067746,
    0.2356307928096802,
    0.23741091357514182,
    0.23325122948636345,
    0.23286604283646467,
    0.23080389771391363,
    0.22785981517424558,
    0.2258700835593244,
    0.2273891436304638,
    0.22391556741241464,
    0.22673042289872858,
    0.22312416857417255,
    0.2224314616803817,
    0.22123213064543065,
    0.22102001014559028,
    0.21574117008218152,
    0.21758766432496954
  ],
  "val_losses": [
    0.3385874085443121,
    0.32242154718284877,
    0.32036947973177465,
    0.30963916971649924,
    0.30045503251989125,
    0.2960591303630614,
    0.32102922885350776,
    0.29382181566366006,
    0.2884317327972869,
    0.29280759436143955,
    0.28872902460501226,
    0.29270688853633237,
    0.2868008466673569,
    0.29516616547611396,
    0.285576162833563,
    0.2856456849356772,
    0.28568053980108715,
    0.28812472039545084,
    0.2852827476363787,
    0.284273785814433,
    0.2857355074563497,
    0.2905116087534058,
    0.2827428957106362,
    0.2845015181622035,
    0.28699023727799805,
    0.28605819105262487,
    0.2836297504918676,
    0.28568568531896027,
    0.2867237218249012,
    0.2892504506547686,
    0.28542827678398347,
    0.2895260195077305,
    0.28516352575429726,
    0.2849375861631313,
    0.2856153104926499,
    0.28450560758651144,
    0.28262075592934244,
    0.2844792279139371
  ],
  "best_val_loss": 0.2827428957106362,
  "best_mean_r": 0.5221274725706712,
  "max_val_mean_r": 0.5221274725706712,
  "max_val_mean_r_epoch": 23,
  "best_selection_metric": 0.5221274725706712,
  "best_by": "mean_r",
  "initial_lr": 0.0001,
  "min_lr": 1e-06,
  "epochs_trained": 38,
  "gate_entropy_history": [
    0.9373123571911892,
    0.9409069620270372,
    0.9419201121161622,
    0.9432140082620143,
    0.9442401843739524,
    0.9442674410372576,
    0.9454152781625791,
    0.9463035259934403,
    0.9461768926512946,
    0.9466801429033838,
    0.948236244933754,
    0.9486432890455934,
    0.9489041249560123,
    0.9492087060045483,
    0.9482471089473974,
    0.9493650038288532,
    0.9494903203230115,
    0.9508153861166287,
    0.9493372157213619,
    0.9502622891436169,
    0.95131307005443,
    0.9513383302075142,
    0.9518823846869472,
    0.9536591997246054,
    0.9522950910229173,
    0.9520812343986552,
    0.9526625517798003,
    0.9518650280842138,
    0.9529663977112943,
    0.9546905752475099,
    0.9533453776428394,
    0.9537418698237793,
    0.9539010440309038,
    0.9541064814656,
    0.953633031397888,
    0.9555897162236612,
    0.9554282624783917,
    0.9548804338039024
  ],
  "expert_usage_history": [
    [
      0.17748676240444183,
      0.14975929260253906,
      0.14850382506847382,
      0.19094984233379364,
      0.1611812859773636,
      0.17211279273033142
    ],
    [
      0.17849195003509521,
      0.15038268268108368,
      0.15170368552207947,
      0.18873773515224457,
      0.16277793049812317,
      0.1678781360387802
    ],
    [
      0.1779576987028122,
      0.1494542807340622,
      0.15350979566574097,
      0.18858733773231506,
      0.16125014424324036,
      0.16928225755691528
    ],
    [
      0.17660371959209442,
      0.15005497634410858,
      0.1539665013551712,
      0.18754830956459045,
      0.15949775278568268,
      0.1723225712776184
    ],
    [
      0.1784203201532364,
      0.14904429018497467,
      0.15488265454769135,
      0.1859067976474762,
      0.16191256046295166,
      0.16984416544437408
    ],
    [
      0.17844827473163605,
      0.14898116886615753,
      0.1531563252210617,
      0.1859874129295349,
      0.16324427723884583,
      0.17019689083099365
    ],
    [
      0.17432501912117004,
      0.1481965184211731,
      0.15268689393997192,
      0.18957054615020752,
      0.16051094233989716,
      0.17469653487205505
    ],
    [
      0.17594599723815918,
      0.14765983819961548,
      0.15309709310531616,
      0.1874862015247345,
      0.16232924163341522,
      0.17351429164409637
    ],
    [
      0.17782367765903473,
      0.14728593826293945,
      0.15291616320610046,
      0.1851230263710022,
      0.16445721685886383,
      0.17240190505981445
    ],
    [
      0.17641477286815643,
      0.14752401411533356,
      0.15363390743732452,
      0.1849767416715622,
      0.16353239119052887,
      0.17389898002147675
    ],
    [
      0.1777055859565735,
      0.14719003438949585,
      0.15315155684947968,
      0.18461591005325317,
      0.16376829147338867,
      0.1735709309577942
    ],
    [
      0.1768532395362854,
      0.14674822986125946,
      0.15278159081935883,
      0.1851119101047516,
      0.1637355387210846,
      0.17475175857543945
    ],
    [
      0.17607353627681732,
      0.14742420613765717,
      0.15252836048603058,
      0.1852162927389145,
      0.16351062059402466,
      0.17524699866771698
    ],
    [
      0.17751342058181763,
      0.14688503742218018,
      0.15222488343715668,
      0.18585115671157837,
      0.1622316539287567,
      0.17527388036251068
    ],
    [
      0.17718860507011414,
      0.14725671708583832,
      0.1514810472726822,
      0.1853422075510025,
      0.16306914389133453,
      0.1756383180618286
    ],
    [
      0.17752547562122345,
      0.1477702260017395,
      0.15278218686580658,
      0.18431192636489868,
      0.1624605506658554,
      0.17510122060775757
    ],
    [
      0.17692776024341583,
      0.14801952242851257,
      0.15293250977993011,
      0.18445779383182526,
      0.16264814138412476,
      0.17502161860466003
    ],
    [
      0.1756601631641388,
      0.14738966524600983,
      0.15310907363891602,
      0.18533733487129211,
      0.1617082804441452,
      0.17677557468414307
    ],
    [
      0.1769208014011383,
      0.14890961349010468,
      0.15177500247955322,
      0.1839241236448288,
      0.16283626854419708,
      0.1756298989057541
    ],
    [
      0.17674493789672852,
      0.1487823724746704,
      0.15221929550170898,
      0.1850508600473404,
      0.1621456891298294,
      0.17508842051029205
    ],
    [
      0.17681767046451569,
      0.14903925359249115,
      0.15288543701171875,
      0.18316155672073364,
      0.16223476827144623,
      0.17585602402687073
    ],
    [
      0.17648373544216156,
      0.14888304471969604,
      0.15260516107082367,
      0.18375886976718903,
      0.16268382966518402,
      0.17559267580509186
    ],
    [
      0.17608891427516937,
      0.14830923080444336,
      0.15328603982925415,
      0.18349295854568481,
      0.16282464563846588,
      0.17600560188293457
    ],
    [
      0.17628906667232513,
      0.14982764422893524,
      0.15310639142990112,
      0.18186484277248383,
      0.16283467411994934,
      0.17604616284370422
    ],
    [
      0.17564930021762848,
      0.15021848678588867,
      0.15198132395744324,
      0.18216964602470398,
      0.16221337020397186,
      0.1777932494878769
    ],
    [
      0.17626386880874634,
      0.1502901017665863,
      0.1522839367389679,
      0.1828085035085678,
      0.16208665072917938,
      0.17627085745334625
    ],
    [
      0.17659075558185577,
      0.14969758689403534,
      0.1526421308517456,
      0.18294093012809753,
      0.16229423880577087,
      0.1757977455854416
    ],
    [
      0.1772383600473404,
      0.15077924728393555,
      0.1537402719259262,
      0.1810838133096695,
      0.16116446256637573,
      0.1759941428899765
    ],
    [
