{
  "eval_source": "splot",
  "pearson_r_all": 0.6909044716331799,
  "pearson_r_mean": 0.6017455206497693,
  "per_trait_r": [
    0.6611775318039212,
    0.6784821456054656,
    0.7001574295745366,
    0.6580969224779966,
    0.5986519556319546,
    0.6002264970348337,
    0.6558158277940237,
    0.6223194104350089,
    0.634476623066711,
    0.7637640466978524,
    0.6444516104315071,
    0.3044421132586791,
    0.5272205199267566,
    0.5257569551815899,
    0.5933318132399684,
    0.5172546396898776,
    0.7188966276900997,
    0.49275388110058,
    0.34902343659308277,
    0.321344658296729,
    0.7473468250302429,
    0.7378900667754165,
    0.6424620897949476,
    0.6692201417258078,
    0.6409939745526223,
    0.7226730855542796,
    0.5525994484182858,
    0.462050855564814,
    0.618468981610785,
    0.6330283140892131,
    0.5794298901650415,
    0.6962710299069472,
    0.6146272110412536,
    0.6701999753279638,
    0.4356310621030265,
    0.6235358586836754,
    0.6505108081659693
  ],
  "r2_all": 0.47714728116989136,
  "r2_mean": 0.3589686799693752,
  "per_trait_r2": [
    0.41998422145843506,
    0.44177883863449097,
    0.4801619052886963,
    0.41086721420288086,
    0.3572160601615906,
    0.35138940811157227,
    0.4128512740135193,
    0.35055750608444214,
    0.3995469808578491,
    0.5771223306655884,
    0.39703428745269775,
    0.06931686401367188,
    0.27673161029815674,
    0.2527580261230469,
    0.34998250007629395,
    0.26000189781188965,
    0.5108147859573364,
    0.2277413010597229,
    0.10694104433059692,
    0.10082429647445679,
    0.5372828245162964,
    0.5247186422348022,
    0.4083573818206787,
    0.4413887858390808,
    0.41012322902679443,
    0.4838741421699524,
    0.264679491519928,
    0.20089012384414673,
    0.3644721508026123,
    0.37798506021499634,
    0.3121424913406372,
    0.44983893632888794,
    0.3769696354866028,
    0.42923659086227417,
    0.18509191274642944,
    0.3873226046562195,
    0.37384480237960815
  ],
  "rmse_all": 0.5482340455055237,
  "rmse_mean": 0.5431714130414499,
  "per_trait_rmse": [
    0.6929320096969604,
    0.6366561055183411,
    0.5707122087478638,
    0.5459573864936829,
    0.4394966661930084,
    0.5311675071716309,
    0.5854889750480652,
    0.4518589973449707,
    0.41512733697891235,
    0.511716902256012,
    0.5787774324417114,
    0.5559499263763428,
    0.6937202215194702,
    0.4828874170780182,
    0.4388461112976074,
    0.4296755790710449,
    0.48353078961372375,
    0.5855891704559326,
    0.6146421432495117,
    0.49646085500717163,
    0.5769847631454468,
    0.5672841668128967,
    0.4731026887893677,
    0.4510325491428375,
    0.4683055281639099,
    0.6352840065956116,
    0.5629081130027771,
    0.5436704754829407,
    0.5455754995346069,
    0.6766050457954407,
    0.5794370770454407,
    0.5405662059783936,
    0.45680251717567444,
    0.4619405269622803,
    0.5369390249252319,
    0.7109493017196655,
    0.5687610507011414
  ],
  "n_eval_pixels": 108640,
  "n_valid_pixels": 108640,
  "n_samples": 780,
  "n_traits": 37,
  "trait_ids": [
    "X1080",
    "X13",
    "X138",
    "X14",
    "X144",
    "X145",
    "X146",
    "X15",
    "X163",
    "X169",
    "X21",
    "X223",
    "X224",
    "X237",
    "X26",
    "X27",
    "X281",
    "X282",
    "X289",
    "X297",
    "X3106",
    "X3107",
    "X3112",
    "X3113",
    "X3114",
    "X3117",
    "X3120",
    "X351",
    "X4",
    "X46",
    "X47",
    "X50",
    "X55",
    "X6",
    "X614",
    "X78",
    "X95"
  ],
  "per_trait_summary": [
    {
      "trait_id": "X1080",
      "pearson_r": 0.6611775318039212,
      "r2": 0.41998422145843506,
      "rmse": 0.6929320096969604
    },
    {
      "trait_id": "X13",
      "pearson_r": 0.6784821456054656,
      "r2": 0.44177883863449097,
      "rmse": 0.6366561055183411
    },
    {
      "trait_id": "X138",
      "pearson_r": 0.7001574295745366,
      "r2": 0.4801619052886963,
      "rmse": 0.5707122087478638
    },
    {
      "trait_id": "X14",
      "pearson_r": 0.6580969224779966,
      "r2": 0.41086721420288086,
      "rmse": 0.5459573864936829
    },
    {
      "trait_id": "X144",
      "pearson_r": 0.5986519556319546,
      "r2": 0.3572160601615906,
      "rmse": 0.4394966661930084
    },
    {
      "trait_id": "X145",
      "pearson_r": 0.6002264970348337,
      "r2": 0.35138940811157227,
      "rmse": 0.5311675071716309
    },
    {
      "trait_id": "X146",
      "pearson_r": 0.6558158277940237,
      "r2": 0.4128512740135193,
      "rmse": 0.5854889750480652
    },
    {
      "trait_id": "X15",
      "pearson_r": 0.6223194104350089,
      "r2": 0.35055750608444214,
      "rmse": 0.4518589973449707
    },
    {
      "trait_id": "X163",
      "pearson_r": 0.634476623066711,
      "r2": 0.3995469808578491,
      "rmse": 0.41512733697891235
    },
    {
      "trait_id": "X169",
      "pearson_r": 0.7637640466978524,
      "r2": 0.5771223306655884,
      "rmse": 0.511716902256012
    },
    {
      "trait_id": "X21",
      "pearson_r": 0.6444516104315071,
      "r2": 0.39703428745269775,
      "rmse": 0.5787774324417114
    },
    {
      "trait_id": "X223",
      "pearson_r": 0.3044421132586791,
      "r2": 0.06931686401367188,
      "rmse": 0.5559499263763428
    },
    {
      "trait_id": "X224",
      "pearson_r": 0.5272205199267566,
      "r2": 0.27673161029815674,
      "rmse": 0.6937202215194702
    },
    {
      "trait_id": "X237",
      "pearson_r": 0.5257569551815899,
      "r2": 0.2527580261230469,
      "rmse": 0.4828874170780182
    },
    {
      "trait_id": "X26",
      "pearson_r": 0.5933318132399684,
      "r2": 0.34998250007629395,
      "rmse": 0.4388461112976074
    },
    {
      "trait_id": "X27",
      "pearson_r": 0.5172546396898776,
      "r2": 0.26000189781188965,
      "rmse": 0.4296755790710449
    },
    {
      "trait_id": "X281",
      "pearson_r": 0.7188966276900997,
      "r2": 0.5108147859573364,
      "rmse": 0.48353078961372375
    },
    {
      "trait_id": "X282",
      "pearson_r": 0.49275388110058,
      "r2": 0.2277413010597229,
      "rmse": 0.5855891704559326
    },
    {
      "trait_id": "X289",
      "pearson_r": 0.34902343659308277,
      "r2": 0.10694104433059692,
      "rmse": 0.6146421432495117
    },
    {
      "trait_id": "X297",
      "pearson_r": 0.321344658296729,
      "r2": 0.10082429647445679,
      "rmse": 0.49646085500717163
    },
    {
      "trait_id": "X3106",
      "pearson_r": 0.7473468250302429,
      "r2": 0.5372828245162964,
      "rmse": 0.5769847631454468
    },
    {
      "trait_id": "X3107",
      "pearson_r": 0.7378900667754165,
      "r2": 0.5247186422348022,
      "rmse": 0.5672841668128967
    },
    {
      "trait_id": "X3112",
      "pearson_r": 0.6424620897949476,
      "r2": 0.4083573818206787,
      "rmse": 0.4731026887893677
    },
    {
      "trait_id": "X3113",
      "pearson_r": 0.6692201417258078,
      "r2": 0.4413887858390808,
      "rmse": 0.4510325491428375
    },
    {
      "trait_id": "X3114",
      "pearson_r": 0.6409939745526223,
      "r2": 0.41012322902679443,
      "rmse": 0.4683055281639099
    },
    {
      "trait_id": "X3117",
      "pearson_r": 0.7226730855542796,
      "r2": 0.4838741421699524,
      "rmse": 0.6352840065956116
    },
    {
      "trait_id": "X3120",
      "pearson_r": 0.5525994484182858,
      "r2": 0.264679491519928,
      "rmse": 0.5629081130027771
    },
    {
      "trait_id": "X351",
      "pearson_r": 0.462050855564814,
      "r2": 0.20089012384414673,
      "rmse": 0.5436704754829407
    },
    {
      "trait_id": "X4",
      "pearson_r": 0.618468981610785,
      "r2": 0.3644721508026123,
      "rmse": 0.5455754995346069
    },
    {
      "trait_id": "X46",
      "pearson_r": 0.6330283140892131,
      "r2": 0.37798506021499634,
      "rmse": 0.6766050457954407
    },
    {
      "trait_id": "X47",
      "pearson_r": 0.5794298901650415,
      "r2": 0.3121424913406372,