{
  "eval_source": "splot",
  "pearson_r_all": 0.6922442200858749,
  "pearson_r_mean": 0.5998126150087103,
  "per_trait_r": [
    0.6546249295079464,
    0.6573829314342923,
    0.7023187855803505,
    0.6542818086460984,
    0.5900045313219549,
    0.6181371259440238,
    0.6532586777712498,
    0.5959632963886089,
    0.6496221109256423,
    0.7675811256753213,
    0.6398477324623766,
    0.26367440194840164,
    0.5522805974103316,
    0.514165552475787,
    0.5768154094372675,
    0.5100025319983346,
    0.7235831689162733,
    0.5106755252662646,
    0.39678302502150786,
    0.31788555337993746,
    0.7454358954928061,
    0.7335800660296256,
    0.6449655611477846,
    0.6678357628845124,
    0.6419837793536158,
    0.7091955575623816,
    0.5475522283208748,
    0.4905123403449304,
    0.6215111733856017,
    0.6519992514274019,
    0.5715660875376594,
    0.6897675668850136,
    0.6210574010088935,
    0.656902999659844,
    0.4057034535555096,
    0.6107697943619109,
    0.6338390148519435
  ],
  "r2_all": 0.4751257300376892,
  "r2_mean": 0.3560705861529788,
  "per_trait_r2": [
    0.40053391456604004,
    0.4287377595901489,
    0.49127548933029175,
    0.4167591333389282,
    0.33943605422973633,
    0.36382585763931274,
    0.42088133096694946,
    0.34627121686935425,
    0.41517186164855957,
    0.5856692790985107,
    0.3862453103065491,
    0.035914063453674316,
    0.2813524603843689,
    0.2480049729347229,
    0.31205064058303833,
    0.24290168285369873,
    0.5210543870925903,
    0.24729597568511963,
    0.1430727243423462,
    0.09972280263900757,
    0.5101321935653687,
    0.4788411855697632,
    0.4033340811729431,
    0.4418352246284485,
    0.40164685249328613,
    0.4926418662071228,
    0.2760189175605774,
    0.23577344417572021,
    0.37535572052001953,
    0.42246168851852417,
    0.3074153661727905,
    0.4651092290878296,
    0.3681415915489197,
    0.3995909094810486,
    0.12362337112426758,
    0.37208545207977295,
    0.3744276762008667
  ],
  "rmse_all": 0.5492928624153137,
  "rmse_mean": 0.5442612952477223,
  "per_trait_rmse": [
    0.7044546604156494,
    0.644049882888794,
    0.564578652381897,
    0.5432204604148865,
    0.4455336332321167,
    0.5260505080223083,
    0.5814715027809143,
    0.45334768295288086,
    0.4096905589103699,
    0.5065192580223083,
    0.5839325785636902,
    0.5658386945724487,
    0.6915006637573242,
    0.4844207465648651,
    0.4514690637588501,
    0.43461179733276367,
    0.4784434139728546,
    0.5781276822090149,
    0.6020801067352295,
    0.4967648684978485,
    0.5936712026596069,
    0.5940327048301697,
    0.4751068651676178,
    0.45085227489471436,
    0.47165822982788086,
    0.6298649311065674,
    0.5585509538650513,
    0.5316717624664307,
    0.5408837795257568,
    0.6519664525985718,
    0.5814246535301208,
    0.5330114364624023,
    0.4600274860858917,
    0.4737853407859802,
    0.5568215847015381,
    0.7197355628013611,
    0.5684962868690491
  ],
  "n_eval_pixels": 108640,
  "n_valid_pixels": 108640,
  "n_samples": 780,
  "n_traits": 37,
  "trait_ids": [
    "X1080",
    "X13",
    "X138",
    "X14",
    "X144",
    "X145",
    "X146",
    "X15",
    "X163",
    "X169",
    "X21",
    "X223",
    "X224",
    "X237",
    "X26",
    "X27",
    "X281",
    "X282",
    "X289",
    "X297",
    "X3106",
    "X3107",
    "X3112",
    "X3113",
    "X3114",
    "X3117",
    "X3120",
    "X351",
    "X4",
    "X46",
    "X47",
    "X50",
    "X55",
    "X6",
    "X614",
    "X78",
    "X95"
  ],
  "per_trait_summary": [
    {
      "trait_id": "X1080",
      "pearson_r": 0.6546249295079464,
      "r2": 0.40053391456604004,
      "rmse": 0.7044546604156494
    },
    {
      "trait_id": "X13",
      "pearson_r": 0.6573829314342923,
      "r2": 0.4287377595901489,
      "rmse": 0.644049882888794
    },
    {
      "trait_id": "X138",
      "pearson_r": 0.7023187855803505,
      "r2": 0.49127548933029175,
      "rmse": 0.564578652381897
    },
    {
      "trait_id": "X14",
      "pearson_r": 0.6542818086460984,
      "r2": 0.4167591333389282,
      "rmse": 0.5432204604148865
    },
    {
      "trait_id": "X144",
      "pearson_r": 0.5900045313219549,
      "r2": 0.33943605422973633,
      "rmse": 0.4455336332321167
    },
    {
      "trait_id": "X145",
      "pearson_r": 0.6181371259440238,
      "r2": 0.36382585763931274,
      "rmse": 0.5260505080223083
    },
    {
      "trait_id": "X146",
      "pearson_r": 0.6532586777712498,
      "r2": 0.42088133096694946,
      "rmse": 0.5814715027809143
    },
    {
      "trait_id": "X15",
      "pearson_r": 0.5959632963886089,
      "r2": 0.34627121686935425,
      "rmse": 0.45334768295288086
    },
    {
      "trait_id": "X163",
      "pearson_r": 0.6496221109256423,
      "r2": 0.41517186164855957,
      "rmse": 0.4096905589103699
    },
    {
      "trait_id": "X169",
      "pearson_r": 0.7675811256753213,
      "r2": 0.5856692790985107,
      "rmse": 0.5065192580223083
    },
    {
      "trait_id": "X21",
      "pearson_r": 0.6398477324623766,
      "r2": 0.3862453103065491,
      "rmse": 0.5839325785636902
    },
    {
      "trait_id": "X223",
      "pearson_r": 0.26367440194840164,
      "r2": 0.035914063453674316,
      "rmse": 0.5658386945724487
    },
    {
      "trait_id": "X224",
      "pearson_r": 0.5522805974103316,
      "r2": 0.2813524603843689,
      "rmse": 0.6915006637573242
    },
    {
      "trait_id": "X237",
      "pearson_r": 0.514165552475787,
      "r2": 0.2480049729347229,
      "rmse": 0.4844207465648651
    },
    {
      "trait_id": "X26",
      "pearson_r": 0.5768154094372675,
      "r2": 0.31205064058303833,
      "rmse": 0.4514690637588501
    },
    {
      "trait_id": "X27",
      "pearson_r": 0.5100025319983346,
      "r2": 0.24290168285369873,
      "rmse": 0.43461179733276367
    },
    {
      "trait_id": "X281",
      "pearson_r": 0.7235831689162733,
      "r2": 0.5210543870925903,
      "rmse": 0.4784434139728546
    },
    {
      "trait_id": "X282",
      "pearson_r": 0.5106755252662646,
      "r2": 0.24729597568511963,
      "rmse": 0.5781276822090149
    },
    {
      "trait_id": "X289",
      "pearson_r": 0.39678302502150786,
      "r2": 0.1430727243423462,
      "rmse": 0.6020801067352295
    },
    {
      "trait_id": "X297",
      "pearson_r": 0.31788555337993746,
      "r2": 0.09972280263900757,
      "rmse": 0.4967648684978485
    },
    {
      "trait_id": "X3106",
      "pearson_r": 0.7454358954928061,
      "r2": 0.5101321935653687,
      "rmse": 0.5936712026596069
    },
    {
      "trait_id": "X3107",
      "pearson_r": 0.7335800660296256,
      "r2": 0.4788411855697632,
      "rmse": 0.5940327048301697
    },
    {
      "trait_id": "X3112",
      "pearson_r": 0.6449655611477846,
      "r2": 0.4033340811729431,
      "rmse": 0.4751068651676178
    },
    {
      "trait_id": "X3113",
      "pearson_r": 0.6678357628845124,
      "r2": 0.4418352246284485,
      "rmse": 0.45085227489471436
    },
    {
      "trait_id": "X3114",
      "pearson_r": 0.6419837793536158,
      "r2": 0.40164685249328613,
      "rmse": 0.47165822982788086
    },
    {
      "trait_id": "X3117",
      "pearson_r": 0.7091955575623816,
      "r2": 0.4926418662071228,
      "rmse": 0.6298649311065674
    },
    {
      "trait_id": "X3120",
      "pearson_r": 0.5475522283208748,
      "r2": 0.2760189175605774,
      "rmse": 0.5585509538650513
    },
    {
      "trait_id": "X351",
      "pearson_r": 0.4905123403449304,
      "r2": 0.23577344417572021,
      "rmse": 0.5316717624664307
    },
    {
      "trait_id": "X4",
      "pearson_r": 0.6215111733856017,
      "r2": 0.37535572052001953,
      "rmse": 0.5408837795257568
    },
    {
      "trait_id": "X46",
      "pearson_r": 0.6519992514274019,
      "r2": 0.42246168851852417,
      "rmse": 0.6519664525985718
    },
    {
      "trait_id": "X47",
      "pearson_r": 0.5715660875376594,
      "r2": 0.3074153661727905,