{
  "train_losses": [
    0.45888557027686727,
    0.32674082011887523,
    0.30799960710785607,
    0.2972080524220611,
    0.289261374780626,
    0.2791182492718552,
    0.2802558116840594,
    0.2717133508487181,
    0.2697521285577254,
    0.2671779155731201,
    0.26251940221497505,
    0.26308510827295706,
    0.26163753614281166,
    0.257960612394593,
    0.2527543107668559,
    0.25009607139861945,
    0.24972367765325487,
    0.2487045440709952,
    0.24716599655873847,
    0.24275078303886183,
    0.24421939073186932,
    0.24232112575661052,
    0.24290768043561414,
    0.24133645521871971,
    0.23753656094724482,
    0.23757006002194953,
    0.23227741275772903,
    0.23168058305075676,
    0.2314067149704153,
    0.23001243332118698,
    0.23053468465805055,
    0.22881551412018863,
    0.225441477876721,
    0.22394058379259976,
    0.22233242880214343,
    0.22012061684420614,
    0.2231002781427268,
    0.2163171219103264,
    0.21325908285198789,
    0.21409778929117954,
    0.21494021433772462,
    0.21159899469577906,
    0.21115359393033115,
    0.20906365446069025,
    0.2080666501413692
  ],
  "val_losses": [
    0.3541863534761512,
    0.33144718521962996,
    0.31990038862694864,
    0.3132666294341502,
    0.3076556188904721,
    0.30138070346868556,
    0.3026022175731866,
    0.30901494606033614,
    0.29838260878687317,
    0.29574413743356,
    0.2946791752524998,
    0.29485072584255884,
    0.2910902995778167,
    0.2951421399155389,
    0.29017734009286633,
    0.28527593337323354,
    0.2882563701790312,
    0.28938904906744545,
    0.2846280854681264,
    0.2889175066805404,
    0.28812747756424156,
    0.28368855154384737,
    0.28562703275162243,
    0.2862918867689112,
    0.2958012064513953,
    0.28391803736272064,
    0.2859459670017595,
    0.2851047013764796,
    0.28421030711868533,
    0.28423561868460284,
    0.2834164655726889,
    0.2870524005721445,
    0.28467846791381424,
    0.2861965428227964,
    0.2930199575165044,
    0.2896829360853071,
    0.2885497542827026,
    0.2865604547702748,
    0.2879873360304729,
    0.2885442332405111,
    0.2922406614474628,
    0.29115167616502097,
    0.2883634155859118,
    0.290519457148469,
    0.28912008667121764
  ],
  "best_val_loss": 0.28423561868460284,
  "best_mean_r": 0.5883673813630186,
  "max_val_mean_r": 0.5883673813630186,
  "max_val_mean_r_epoch": 30,
  "best_selection_metric": 0.5883673813630186,
  "best_by": "mean_r",
  "initial_lr": 0.0001,
  "min_lr": 1e-06,
  "epochs_trained": 45,
  "gate_entropy_history": [
    0.378762888470927,
    0.37537179681651767,
    0.3738729965337362,
    0.3723906163921692,
    0.3708335360889219,
    0.3706952660796874,
    0.369329492857849,
    0.3671955325676229,
    0.37031186614946326,
    0.369136998343279,
    0.36883644304325874,
    0.3702703945426372,
    0.3703972726215113,
    0.3697465484588284,
    0.36864346143616816,
    0.3705662153433506,
    0.3695131374333179,
    0.36779113104892663,
    0.37065889893161275,
    0.36957942200567073,
    0.37016694200248235,
    0.37171202490092603,
    0.37111990692528907,
    0.3706709110529239,
    0.37083057840143646,
    0.37046921517028114,
    0.37093288831762317,
    0.37225428588023424,
    0.37160923561210685,
    0.37016495694588564,
    0.3707228593664269,
    0.3710659279462328,
    0.3696155014207955,
    0.3715821551719698,
    0.3698202111477545,
    0.37046506354777786,
    0.3711537396738656,
    0.3701068737825546,
    0.36979698031410785,
    0.36982924884390345,
    0.36953893235942115,
    0.3690811694164929,
    0.3684455266299986,
    0.36805162148981707,
    0.36893939015721633
  ],
  "expert_usage_history": [
    [
      0.1589726358652115,
      0.29184210300445557,
      0.14399343729019165,
      0.14489515125751495,
      0.12518450617790222,
      0.13510943949222565
    ],
    [
      0.1576356589794159,
      0.2754211127758026,
      0.13292589783668518,
      0.1667555868625641,
      0.1337042599916458,
      0.13355974853038788
    ],
    [
      0.1623438596725464,
      0.2677680253982544,
      0.12742947041988373,
      0.17301243543624878,
      0.13841255009174347,
      0.1310192346572876
    ],
    [
      0.16629698872566223,
      0.2733420133590698,
      0.11776203662157059,
      0.16964741051197052,
      0.15616899728775024,
      0.11676930636167526
    ],
    [
      0.16710996627807617,
      0.26651978492736816,
      0.12141799926757812,
      0.1820681095123291,
      0.14588047564029694,
      0.11700586974620819
    ],
    [
      0.15160326659679413,
      0.26217368245124817,
      0.13344523310661316,
      0.1720879077911377,
      0.14970441162586212,
      0.13099931180477142
    ],
    [
      0.16326990723609924,
      0.2599911391735077,
      0.12758542597293854,
      0.1814240664243698,
      0.15298084914684296,
      0.11473672091960907
    ],
    [
      0.15996292233467102,
      0.2620578706264496,
      0.13650034368038177,
      0.17792049050331116,
      0.1496371328830719,
      0.11391198635101318
    ],
    [
      0.16092759370803833,
      0.2701813876628876,
      0.13108450174331665,
      0.16871000826358795,
      0.1506129652261734,
      0.11847814172506332
    ],
    [
      0.1705886274576187,
      0.2555958032608032,
      0.1380298137664795,
      0.16754312813282013,
      0.15298303961753845,
      0.1152690201997757
    ],
    [
      0.1779104769229889,
      0.2637651860713959,
      0.12749001383781433,
      0.16710858047008514,
      0.153158038854599,
      0.11058606207370758
    ],
    [
      0.173403799533844,
      0.26360905170440674,
      0.12885068356990814,
      0.16684718430042267,
      0.1556943953037262,
      0.11159510165452957
    ],
    [
      0.17007216811180115,
      0.26244330406188965,
      0.13793689012527466,
      0.1654089391231537,
      0.1552867293357849,
      0.10885114967823029
    ],
    [
      0.16857194900512695,
      0.2669468820095062,
      0.1304139345884323,
      0.16914807260036469,
      0.15268826484680176,
      0.11222802847623825
    ],
    [
      0.1641990691423416,
      0.2699158489704132,
      0.12349339574575424,
      0.16971352696418762,
      0.1579975038766861,
      0.11468803137540817
    ],
    [
      0.16616332530975342,
      0.26619404554367065,
      0.13492964208126068,
      0.16680610179901123,
      0.1475374847650528,
      0.11836153268814087
    ],
    [
      0.16315744817256927,
      0.2725200951099396,
      0.13355785608291626,
      0.16806793212890625,
      0.14450077712535858,
      0.11819124221801758
    ],
    [
      0.16492649912834167,
      0.27154505252838135,
      0.13396868109703064,
      0.1591321974992752,
      0.15048709511756897,
      0.11993328481912613
    ],
    [
      0.15874625742435455,
      0.2790411710739136,
      0.13493655622005463,
      0.16525518894195557,
      0.1493769735097885,
      0.11266303062438965
    ],
    [
      0.16475555300712585,
      0.274700403213501,
      0.14003942906856537,
      0.15813983976840973,
      0.1456102877855301,
      0.1167733296751976
    ],
    [
      0.16116218268871307,
      0.27058130502700806,
      0.14023786783218384,
      0.1648990511894226,
      0.15286347270011902,
      0.11026640981435776
    ],
    [
      0.16144463419914246,
      0.27213066816329956,
      0.1434815376996994,
      0.16979578137397766,
      0.1455473005771637,
      0.10760917514562607
    ],
    [
      0.1694045066833496,
      0.27384644746780396,
      0.13774175941944122,
      0.16908416152000427,
      0.13932707905769348,
      0.11060547083616257
    ],
    [
      0.16675977408885956,
      0.26935046911239624,
      0.14223794639110565,
      0.16256634891033173,
      0.13967163860797882,
      0.11941943317651749
    ],
    [
      0.16933931410312653,
      0.2660883069038391,
      0.1369543820619583,
      0.16726626455783844,
      0.1393493115901947,
      0.12100198864936829
    ],
    [
