{
  "train_losses": [
    0.40772347368977285,
    0.3253655159112179,
    0.3046942909558614,
    0.2942119859384768,
    0.2851853042840958,
    0.27873184617721675,
    0.2758415342280359,
    0.27223790297002504,
    0.26910564547235316,
    0.2653624193234877,
    0.26509272979967524,
    0.25966968951803265,
    0.25791404129880846,
    0.2577095450776996,
    0.25393702053662504,
    0.2499989193497282,
    0.2512320747881225,
    0.24740981577020704,
    0.2445743012608904,
    0.2461575849038182,
    0.24390453894933065,
    0.24041873108256948,
    0.24098070733474963,
    0.23802039975469763,
    0.23879593041810124,
    0.23698121815016776,
    0.23161286106615356,
    0.23493174630584138,
    0.23325880458860687,
    0.23127062618732452,
    0.22978935115265123,
    0.22861742846893543,
    0.2256039557131854,
    0.2288277936704231,
    0.22331007231365552,
    0.2225095960226926,
    0.22415653006597,
    0.22299530325513897,
    0.21786252120227526,
    0.21959270320155405,
    0.21945769371408405
  ],
  "val_losses": [
    0.3609941046199073,
    0.3287672295194605,
    0.3156451195802378,
    0.3175262083177981,
    0.31047299747233803,
    0.30344434147295746,
    0.3140029991450517,
    0.296862523516883,
    0.29807270221088245,
    0.2927711024556471,
    0.29177849367260933,
    0.28914665689934854,
    0.29064689139309136,
    0.29195330810287723,
    0.28797592708598013,
    0.2851116161631501,
    0.29332667184264766,
    0.28632098047629645,
    0.292039782780668,
    0.2850427154613578,
    0.28623700417254283,
    0.28892551686452783,
    0.29264866495909897,
    0.29291711861024733,
    0.2860232580291188,
    0.2825596431351226,
    0.28472725528737775,
    0.28449299445618753,
    0.29526089439573494,
    0.28422193893271946,
    0.2847200419915759,
    0.28649280738571414,
    0.2817566736560801,
    0.2855242625202822,
    0.28777028069547983,
    0.28800695405706117,
    0.2848051076997881,
    0.28588188488198363,
    0.28421286137207696,
    0.2832638153239437,
    0.28267777354820917
  ],
  "best_val_loss": 0.2825596431351226,
  "best_mean_r": 0.5904735666351658,
  "max_val_mean_r": 0.5904735666351658,
  "max_val_mean_r_epoch": 26,
  "best_selection_metric": 0.5904735666351658,
  "best_by": "mean_r",
  "initial_lr": 0.0001,
  "min_lr": 1e-06,
  "epochs_trained": 41
}
